{
  "solutions": [
    [
      0.17046800255775452,
      0.07667410373687744,
      0.6643924713134766,
      0.17852967977523804,
      0.5742103457450867,
      0.30168288946151733,
      0.3121911585330963,
      0.020185859873890877,
      0.4184671640396118,
      0.3058360815048218,
      0.5393868088722229,
      0.2028299868106842,
      0.24872350692749023
    ]
  ],
  "objectives": [
    [
      1000000.0,
      1000000.0,
      1000000.0,
      1000000.0,
      1000000.0,
      1000000.0,
      1000000.0,
      1000000.0,
      1000000.0
    ]
  ]
}