{
  "solutions": [
    [
      0.026956012472510338,
      0.07989105582237244,
      0.03639018535614014,
      0.14909934997558594,
      0.013518229126930237,
      0.18835556507110596,
      0.31464582681655884,
      0.016109678894281387,
      0.1491466611623764,
      0.025887418538331985
    ],
    [
      0.1346137374639511,
      0.034513674676418304,
      0.13699577748775482,
      0.12149393558502197,
      0.002532605780288577,
      0.1238882914185524,
      0.30713093280792236,
      0.018538158386945724,
      0.09905494749546051,
      0.021237917244434357
    ],
    [
      0.2922009229660034,
      0.016216598451137543,
      0.01817435398697853,
      0.16070735454559326,
      0.028337281197309494,
      0.07785480469465256,
      0.2449265718460083,
      0.0038061535451561213,
      0.13613498210906982,
      0.021640978753566742
    ],
    [
      0.03252046927809715,
      0.11395706981420517,
      0.11821399629116058,
      0.14395326375961304,
      0.031149674206972122,
      0.15298599004745483,
      0.07445283234119415,
      0.17077314853668213,
      0.14652593433856964,
      0.015467600896954536
    ],
    [
      0.20170247554779053,
      0.058515723794698715,
      0.020227426663041115,
      0.1302834451198578,
      0.031384505331516266,
      0.08776339888572693,
      0.3422703444957733,
      0.004758651368319988,
      0.10149453580379486,
      0.02159949392080307
    ]
  ],
  "objectives": [
    [
      1307.262451171875,
      1.016202449798584,
      90.72356414794922,
      8.851207733154297,
      7.229370594024658,
      44.86650085449219,
      0.7300618886947632,
      16.191511154174805,
      0.8974459767341614
    ],
    [
      1323.077392578125,
      1.076477289199829,
      90.5370864868164,
      9.261922836303711,
      6.518838882446289,
      40.4305305480957,
      0.774075448513031,
      14.848062515258789,
      0.964805006980896
    ],
    [
      1334.75537109375,
      1.021610140800476,
      90.53492736816406,
      9.070669174194336,
      6.91903018951416,
      42.403228759765625,
      0.7406994104385376,
      15.609603881835938,
      0.8396413326263428
    ],
    [
      1357.04931640625,
      1.0069328546524048,
      90.07514190673828,
      8.967785835266113,
      7.447599411010742,
      43.721961975097656,
      0.7437649965286255,
      16.598384857177734,
      0.9170483350753784
    ],
    [
      1388.24267578125,
      0.9943289160728455,
      88.63764953613281,
      8.765538215637207,
      7.7270894050598145,
      45.173988342285156,
      0.7098099589347839,
      17.13054656982422,
      0.8182913064956665
    ]
  ],
  "nutrient_names": [
    "calcium",
    "dm",
    "energy",
    "mp",
    "ndf",
    "phosphorus",
    "protein",
    "test-能量"
  ]
}