{
  "solutions": [
    [
      0.05514046177268028,
      0.00546065391972661,
      0.1317525953054428,
      0.030472993850708008,
      0.13682320713996887,
      0.06032233312726021,
      0.20518189668655396,
      0.0991126075387001,
      0.25182977318763733,
      0.0003925564233213663,
      0.02351093292236328
    ],
    [
      0.08147790282964706,
      0.007589762099087238,
      0.21147975325584412,
      0.011099287308752537,
      0.1593310534954071,
      0.02167581021785736,
      0.301985502243042,
      0.14303812384605408,
      0.0388372540473938,
      0.0007581123500131071,
      0.022727467119693756
    ],
    [
      0.07417929172515869,
      0.04934143275022507,
      0.11492910236120224,
      0.21816173195838928,
      0.11144125461578369,
      0.012701337225735188,
      0.2085617482662201,
      0.06746244430541992,
      0.07424752414226532,
      0.04687868803739548,
      0.022095445543527603
    ],
    [
      0.12533065676689148,
      0.02382674254477024,
      0.006650034338235855,
      0.03427135571837425,
      0.1441349983215332,
      0.1342020034790039,
      0.4063771963119507,
      0.06472773104906082,
      0.03449902683496475,
      0.0017865338595584035,
      0.024193735793232918
    ],
    [
      0.11252354830503464,
      0.009484410285949707,
      0.01786494441330433,
      0.08926703035831451,
      0.10008595138788223,
      0.09618134796619415,
      0.47369834780693054,
      0.05819014087319374,
      0.008142237551510334,
      0.008786004967987537,
      0.025776026770472527
    ]
  ],
  "objectives": [
    [
      1207.199951171875,
      1.136403203010559,
      89.97509765625,
      8.604251861572266,
      6.800065994262695,
      45.70207595825195,
      0.7809222340583801,
      15.376490592956543,
      0.8985868096351624
    ],
    [
      1216.2244873046875,
      1.1170779466629028,
      89.98161315917969,
      8.622969627380371,
      6.651418685913086,
      45.71560287475586,
      0.7737622857093811,
      15.099802017211914,
      0.8394227027893066
    ],
    [
      1216.318603515625,
      1.137770652770996,
      90.13528442382812,
      8.641946792602539,
      6.627392768859863,
      45.362056732177734,
      0.7887120246887207,
      15.050914764404297,
      0.840072512626648
    ],
    [
      1227.51904296875,
      1.0968877077102661,
      86.31432342529297,
      8.876359939575195,
      6.502328395843506,
      43.4879150390625,
      0.7883735299110413,
      14.810199737548828,
      0.979621410369873
    ],
    [
      1276.0086669921875,
      0.9674694538116455,
      90.05396270751953,
      8.861959457397461,
      6.952221393585205,
      44.37474822998047,
      0.6475802659988403,
      15.706537246704102,
      0.959526777267456
    ]
  ],
  "nutrient_names": [
    "calcium",
    "dm",
    "energy",
    "mp",
    "ndf",
    "phosphorus",
    "protein",
    "test-能量"
  ]
}