{
  "solutions": [
    [
      0.01080821268260479,
      0.024208227172493935,
      0.09185294061899185,
      0.1304684430360794,
      0.3244413137435913,
      0.05833491310477257,
      0.08869614452123642,
      0.10132824629545212,
      0.12514397501945496,
      0.024413323029875755,
      0.020304271951317787
    ],
    [
      0.13341467082500458,
      0.08991117030382156,
      0.043777868151664734,
      0.09233700484037399,
      0.31239479780197144,
      0.08948389440774918,
      0.002896606922149658,
      0.07147979736328125,
      0.14485430717468262,
      0.002366600325331092,
      0.017083292827010155
    ],
    [
      0.059397172182798386,
      0.023072658106684685,
      0.03785283491015434,
      0.1324356645345688,
      0.20046097040176392,
      0.06383925676345825,
      0.06783998012542725,
      0.1401868462562561,
      0.14857514202594757,
      0.10656276345252991,
      0.0197767224162817
    ],
    [
      0.04852215573191643,
      0.03138132020831108,
      0.04676596820354462,
      0.09032855927944183,
      0.2297559231519699,
      0.17258185148239136,
      0.23834432661533356,
      0.05063039809465408,
      0.05485181137919426,
      0.014352821744978428,
      0.022484857589006424
    ],
    [
      0.13685986399650574,
      0.027509206905961037,
      0.03163347765803337,
      0.07901713252067566,
      0.2824455499649048,
      0.1280994415283203,
      0.1463392972946167,
      0.07659628987312317,
      0.058190856128931046,
      0.013801305554807186,
      0.019507573917508125
    ]
  ],
  "objectives": [
    [
      1243.38427734375,
      1.0987622737884521,
      88.99260711669922,
      8.74637222290039,
      7.010782241821289,
      45.647315979003906,
      0.7824465036392212,
      15.780677795410156
    ],
    [
      1267.0040283203125,
      1.0074411630630493,
      89.3257827758789,
      8.862043380737305,
      6.706326484680176,
      44.9677734375,
      0.7221581935882568,
      15.219926834106445
    ],
    [
      1269.774169921875,
      0.9172167181968689,
      89.19998168945312,
      8.924373626708984,
      7.005234718322754,
      44.804813385009766,
      0.6533852815628052,
      15.788492202758789
    ],
    [
      1269.976806640625,
      1.0667706727981567,
      88.8534927368164,
      8.739635467529297,
      6.794219970703125,
      45.752044677734375,
      0.7532790303230286,
      15.383390426635742
    ],
    [
      1271.5042724609375,
      0.9140676856040955,
      90.66018676757812,
      8.920909881591797,
      7.41244649887085,
      44.827415466308594,
      0.635323703289032,
      16.555143356323242
    ]
  ],
  "nutrient_names": [
    "calcium",
    "dm",
    "energy",
    "mp",
    "ndf",
    "phosphorus",
    "protein"
  ]
}